Image,px_ON,px_ON_perc,area,perimeter,policomplex,centroid,bounding_box,aspect_ratio,convex_area,solidity,eccentricity,max_length,fiber_orientation,fiber_curvature,px_ON_gfp,px_ON_perc_gfp,px_ON_perc_gfp_organoid,areas_gfp
example_GFP\images\T101_Jenh191_A_disp_A11_1_2023y08m30d_16h09m.tif,38773,27.135998432294727,38286.5,1136.2712030410767,0.029678116386744065,"(347.0755314101141, 200.70894005284717)","(192, 19, 287, 359)",0.7994428969359332,52547.5,0.7286074504020172,0.9254037230635532,[461.08535316] pix,[0.66821163] rad,[0.79091729] rad,1939,1.3570448755633941,5.0,"[117.0, 155.5, 79.5, 1229.5, 103.5]"
example_GFP\images\T101_Jenh191_A_disp_A5_1_2023y08m30d_16h09m.tif,37406,26.17927829568041,36923.5,1083.5361404418945,0.0293454342205342,"(300.3127005836391, 197.8631585124198)","(182, 0, 224, 378)",0.5925925925925926,44941.0,0.8215994303642553,0.960002569220509,[470.70057685] pix,[0.47718858] rad,[0.62148227] rad,1868,1.3073542174071275,5.0,"[63.5, 520.0, 1094.5]"
example_GFP\images\T101_Jenh191_A_disp_A9_1_2023y08m30d_16h09m.tif,47195,33.03029030542258,46579.5,1415.5260331630707,0.030389463887827706,"(345.16097210146097, 209.9386174890957)","(240, 65, 248, 313)",0.792332268370607,59071.0,0.7885341368861201,0.6013650679011859,[608.12698372] pix,[-0.35227861] rad,[0.6097461] rad,1890,1.3227513227513228,4.0,"[553.5, 245.0, 150.5, 249.5, 485.5]"
example_GFP\images\T101_Jenh191_B_disp_G10_1_2023y08m30d_16h17m.tif,34018,23.80812407267434,33582.5,1021.0163700580597,0.030403226980065798,"(233.03042259113127, 236.0151765552495)","(147, 43, 204, 335)",0.608955223880597,46886.0,0.716258584652135,0.8455725613687008,[408.96046148] pix,[-0.00137497] rad,[0.84831127] rad,1007,0.7047675037093026,3.0,"[31.5, 94.5, 47.0, 694.5]"
